{"G_GAN": 0.07278501987457275, "G_GAN_Feat": 0.26460862159729004, "G_VGG": 1.184960961341858, "D_real": 0.6913450360298157, "D_fake": 0.5769656300544739, "_timestamp": 1655560375, "_runtime": 172, "_step": 10}