{"G_GAN": 0.051779694855213165, "G_GAN_Feat": 0.13054174184799194, "D_real": 0.5235216617584229, "D_fake": 0.582879900932312, "_timestamp": 1655644960, "_runtime": 757, "_step": 3}