{"G_GAN": 0.0668899416923523, "G_GAN_Feat": 0.3591931462287903, "G_VGG": 1.3969883918762207, "D_real": 0.5916776061058044, "D_fake": 0.6637753844261169, "_timestamp": 1655559179, "_runtime": 202, "_step": 60}