{"G_GAN": 0.08668500185012817, "G_GAN_Feat": 0.25504520535469055, "G_VGG": 1.1227632761001587, "D_real": 0.7090544700622559, "D_fake": 0.42946290969848633, "_timestamp": 1655560172, "_runtime": 877, "_step": 69}